101,Frozen Chicken Wings,WingMaster Foods,201,50,123 Main St,2023-12-10,301,Restaurant Depot,info@restaurantdepot.com
102,Cheese Blend,Artisan Dairy,202,30,456 Oak Ave,2023-12-15,302,Pizza Palace,pizzapalace@example.com
103,Fresh Produce Bundle,Farm Fresh Organics,203,20,789 Pine St,2023-12-20,303,Healthy Bites,orders@healthybites.com
104,Beef Patties,Prime Cuts Inc.,204,10,987 Maple Ln,2023-12-25,304,Burger Joint,burgerjoint@example.com
105,Seafood Mix,Ocean Harvest Seafoods,205,15,654 Birch Rd,2023-12-30,305,Seafood Haven,info@seafoodhaven.com
106,Organic Salad Greens,GreenGrove Farms,206,25,321 Elm Blvd,2023-12-05,306,Salad Bar Express,saladbar@example.com
107,Grass-Fed Beef Steaks,Healthy Pastures,207,40,555 Pineapple Ln,2023-12-08,307,Grill Masters,grillmasters@example.com
108,Whole Wheat Bread,Artisan Bakers Co.,208,60,789 Oak St,2023-12-12,308,Bakery Delights,bakerydelights@example.com
109,Fruit Smoothie Mix,Nature's Best,209,15,876 Maple Ave,2023-12-18,309,Smoothie Paradise,smoothieparadise@example.com
110,Frozen Dessert Sampler,Sweet Treats Inc.,210,20,432 Walnut Rd,2023-12-22,310,Dessert Heaven,dessertheaven@example.com
111,Chicken Tenders,Farm Fresh Poultry,211,35,654 Cherry Blvd,2023-12-28,311,Chicken Lovers,chickenlovers@example.com
112,Assorted Cheese Platter,Dairy Delights,212,25,987 Almond Ln,2023-12-03,312,Cheese Connoisseurs,cheeseconnoisseurs@example.com
113,Italian Pasta Variety,Pasta Perfection,213,30,123 Olive St,2023-12-07,313,Pasta Palace,pastapalace@example.com
114,Barbecue Sauce Sampler,Sweet & Spicy BBQ,214,15,456 Hickory Ave,2023-12-14,314,BBQ Junction,bbqjunction@example.com
115,Organic Yogurt Parfait,Healthy Dairy Co.,215,20,789 Berry Rd,2023-12-21,315,Yogurt Delight,yogurtdelight@example.com
116,Fresh Sushi Platter,Ocean Delights Sushi,216,40,987 Seaweed Ln,2023-12-26,316,Sushi Haven,sushihaven@example.com
117,Artisanal Chocolate Assortment,ChocoCrafters,217,25,654 Cocoa Blvd,2023-12-31,317,Chocolate Fantasy,chocolatefantasy@example.com
118,Exotic Fruit Basket,Tropical Treasures,218,30,321 Mango Ave,2024-01-04,318,Fruit Paradise,fruitparadise@example.com
119,Shrimp Scampi Pasta,Seafood Sensation,219,15,555 Shrimp Ln,2024-01-09,319,Pasta & Seafood Delight,pastaseafooddelight@example.com
120,Prime Rib Roast,Prime Cuts Inc.,204,5,876 Ribeye Rd,2024-01-14,320,Steakhouse Supreme,steakhousesupreme@example.com
121,Gourmet Coffee Sampler,CoffeeCrafters,221,50,432 Bean Blvd,2024-01-20,321,Coffee Connoisseurs,coffeeconnoisseurs@example.com
122,Artisan Bread Basket,Bakery Artistry,222,40,123 Wheat St,2024-01-24,322,Bread Lovers,breadlovers@example.com
123,Mediterranean Olive Assortment,Olive Grove Co.,223,25,456 Olive Ave,2024-01-29,323,Mediterranean Flavors,mediterraneanflavors@example.com
124,Organic Juice Cleanse,Nature's Sip,224,15,789 Juice Rd,2024-02-03,324,Healthy Sips,healthysips@example.com
125,Maple Glazed Salmon,Great Catch Seafoods,225,20,987 Salmon Ln,2024-02-08,325,Seafood Delicacies,seafooddelicacies@example.com
126,Artisanal Ice Cream Sampler,Sweet Dreams Creamery,226,30,654 Sundae Blvd,2024-02-13,326,Ice Cream Paradise,icecreamparadise@example.com
127,Gourmet Nut Mix,Nutty Delights,227,15,321 Almond Ave,2024-02-18,327,Nut Lovers,nutlovers@example.com
128,Chicken Alfredo Pasta,Farm Fresh Poultry,211,25,555 Fettuccine St,2024-02-23,328,Pasta & Chicken Delight,pastachickendelight@example.com
129,Exquisite Wine Selection,Vineyard Elegance,229,10,876 Grape Rd,2024-02-28,329,Wine Enthusiasts,wineenthusiasts@example.com
130,Assorted Pastry Platter,Bakery Bliss,230,35,432 Sugar Ln,2024-03-05,330,Sweet Tooth Haven,sweettooth@example.com
131,Honey Glazed Ham,HoneyBee Farms,231,15,123 Honeycomb Ave,2024-03-10,331,Ham Heaven,hamheaven@example.com
132,Vegetarian Delight Platter,Green Garden Delights,232,25,456 Veggie St,2024-03-15,332,Vegetarian Oasis,vegetarianoasis@example.com
133,Truffle Infused Olive Oil,Olive Essence,233,20,789 Truffle Rd,2024-03-20,333,Gourmet Oils & Vinegars,gourmetoils@example.com
134,Classic Pancake Mix,Pancake Paradise,234,30,987 Syrup Ln,2024-03-25,334,Breakfast Delights,breakfastdelights@example.com
135,Smoked Salmon Bagel Kit,Great Catch Seafoods,225,10,654 Bagel Ave,2024-03-30,335,Bagel Lovers,beigelovers@example.com
136,Fresh Herb Garden,Herbal Haven,236,20,321 Basil Blvd,2024-04-04,336,Culinary Herbs & Spices,culinaryherbs@example.com